balance_bucket,avg_balance,avg_txns,customers
< 2 Lakh,105926.54445432838,1.9925558312655087,21359
2–10 Lakh,455513.87388862023,3.6115843904616645,26881
> 10 Lakh,1361068.4664772728,5.885227272727272,1760
