,age,total_accounts,active_accounts,total_balance,total_txns,total_txn_amount,total_loans,total_loan_amount,total_credit_cards,credit_card_utilization
count,50000.0,50000.0,50000.0,50000.0,50000.0,50000.0,50000.0,50000.0,50000.0,50000.0
mean,46.48154,1.0,0.95044,338052.68016,3.0,61292.32838,0.3,1246095.30358,0.3,0.1298209205439294
std,16.73763490451515,0.0,0.2170362838213231,311435.0360824231,1.7386490324413264,48836.633119051876,0.5498418377323886,3812434.922283573,0.5466314810908006,0.2616393982653934
min,18.0,1.0,0.0,5036.0,0.0,0.0,0.0,0.0,0.0,0.0
25%,32.0,1.0,1.0,122934.0,2.0,27194.0,0.0,0.0,0.0,0.0
50%,47.0,1.0,1.0,251893.0,3.0,52755.5,0.0,0.0,0.0,0.0
75%,61.0,1.0,1.0,467573.0,4.0,84362.0,1.0,216667.5,1.0,0.040915
max,75.0,1.0,1.0,6258656.0,12.0,928000.0,5.0,79453184.0,5.0,0.99998
